<?xml version="1.0" encoding="utf-8" standalone="yes"?>
<channel>
	<id>shurstv</id>
	<name>Shurst.tv</name>

	<active>false</active>
	<adult>false</adult>
	<language>es</language>

	<fanart></fanart>
	<thumbnail>http://i.imgur.com/T9u3llP.png</thumbnail>
	<bannermenu></bannermenu>

	<update_url></update_url>
	<version>1</version>
	<date>18/09/2016</date>
	<changes>Deshabilitado por ser de pago</changes>

	<categories>
		<category>deportes</category>
	</categories>

	<settings>
		<include_in_global_search>false</include_in_global_search>
	</settings>
	<settings>
		<id>shurstvuser</id>
		<type>text</type>
		<label>Usuario</label>
		<color>0xFFd50b0b</color>
		<default></default>
		<enabled>true</enabled>
		<visible>true</visible>
	</settings>
	<settings>
		<id>shurstvpassword</id>
		<type>text</type>
		<label>Contraseña</label>
		<color>0xFFd50b0b</color>
		<default></default>
		<enabled>true</enabled>
		<visible>true</visible>
		<hidden>True</hidden>
	</settings>
</channel>
