  <?xml version="1.0" encoding="UTF-8" standalone="yes"?>
<addon id="plugin.video.mundoinfantil"
       name="[COLOR cornflowerblue]Mundo Infantil[/COLOR]"
       version="1.0"
       provider-name="j.ruiz">
  <requires>
    <import addon="xbmc.python" version="2.1.0"/>
    <import addon="script.module.addon.common" version="2.0.0"/>
    <import addon="plugin.video.youtube" version="5.0.0"/>
  </requires>
  <extension point="xbmc.python.pluginsource"
            library="default.py">
        <provides>video</provides>
  </extension>
  <extension point="xbmc.addon.metadata">
    <summary lang="es">contenido para ninos</summary>
    <language>es</language>
    <description lang="es">.</description>
     <platform>all</platform>
  </extension>
</addon>